NAME,CONTINENT,REGION_UN,SUBREGION,REGION_WB,ECONOMY,INCOME_GRP,POP_EST,GDP_MD,2010,2020,URB_2010,URB_2020,Etiqueta
Panama,North America,Americas,Central America,Latin America & Caribbean,6. Developing region,3. Upper middle income,4246439.0,66800,34.86,31.586,65.14,68.414,"R: 31.586%, U: 68.414%"
Costa Rica,North America,Americas,Central America,Latin America & Caribbean,5. Emerging region: G20,3. Upper middle income,5047561.0,61801,28.264,19.229,71.736,80.771,"R: 19.229%, U: 80.771%"
Nicaragua,North America,Americas,Central America,Latin America & Caribbean,6. Developing region,4. Lower middle income,6545502.0,12520,43.083,40.988,56.917,59.012,"R: 40.988%, U: 59.012%"
El Salvador,North America,Americas,Central America,Latin America & Caribbean,6. Developing region,4. Lower middle income,6453553.0,27022,34.548,26.556,65.452,73.444,"R: 26.556%, U: 73.444%"
Honduras,North America,Americas,Central America,Latin America & Caribbean,6. Developing region,4. Lower middle income,9746117.0,25095,48.115,41.641,51.885,58.359,"R: 41.641%, U: 58.359%"
Guatemala,North America,Americas,Central America,Latin America & Caribbean,6. Developing region,4. Lower middle income,16604026.0,76710,51.597,48.164,48.403,51.836,"R: 48.164%, U: 51.836%"
Belize,North America,Americas,Central America,Latin America & Caribbean,6. Developing region,4. Lower middle income,390353.0,1879,54.772,53.975,45.228,46.025,"R: 53.975%, U: 46.025%"
